freq,real_c23,real_c23_std,fake_c23,fake_c23_std,gap_db_c23,real_jpeg30,real_jpeg30_std,fake_jpeg30,fake_jpeg30_std,gap_db_jpeg30
0.0,394958.73807119584,368574.40257434786,383260.06030586566,354487.78232722485,-0.1305816300421636,394264.525163277,367724.04265680833,382532.39324991044,353641.8789463836,-0.13119484643584478
0.0125,220131.70524567112,178591.89138805924,208899.64944559496,169460.5607973317,-0.22744886662116492,219732.85841273403,178103.3110102902,208501.28911311371,169005.2487003292,-0.22786260850114815
0.025,21301.0839459114,15758.308519256614,20444.38099700734,14391.298525481505,-0.17827738121011016,21261.15263358455,15705.10113331677,20407.82893326786,14352.451312269068,-0.17790000103945047
0.0375,10726.567394398237,5656.146939310366,11186.088486623685,5402.593979568661,0.1821748470416118,10715.908202395098,5646.53965115584,11166.438073253354,5389.231027470565,0.17885677183817172
0.05,10557.729832367926,5561.027679337664,10333.951854182595,5130.6715990511175,-0.09304110564542611,10540.948147141075,5541.143518502347,10317.295160791971,5113.6692200443,-0.09313821795014832
0.0625,4642.616922652166,2343.8648287652345,4457.22095115656,2160.657609417998,-0.1769868684976439,4634.265243432492,2334.3259795556455,4448.7416824691845,2153.176859590424,-0.17743698088414028
0.075,2102.7049899671138,1139.4296880077468,1975.0087785593794,986.7701295228381,-0.2720931500860191,2099.3945288174386,1135.708500319853,1970.9474558897066,982.3365514228865,-0.2741901462317786
0.0875,1484.1855833355653,720.0362338263295,1432.4296845388478,662.8007426833667,-0.1541489633753823,1482.3028696881645,717.6215596909027,1430.6204704579882,661.1927647645806,-0.1541251440471969
0.1,1194.8327382136347,536.4384057220211,1110.0196776625794,490.4021527621747,-0.31976435962042693,1193.5168809800653,533.5932848914567,1108.9129623210267,488.88644796701607,-0.3193110593723203
0.1125,755.8808287017233,411.8556892185587,709.7891921303024,392.9876662072917,-0.27323948416301036,754.8977937855467,409.3931572248585,708.8638113067426,390.8147704448089,-0.2732535068048314
0.125,616.6912021894387,348.49587093165286,583.1047811608202,324.65253969097193,-0.24321150330748775,615.6588144176707,346.2199979665524,582.5123133755968,323.18024413005344,-0.24034991583847365
0.1375,608.8978116538102,335.93338996249315,559.2767047624637,293.94998610225275,-0.36917682943979013,608.0410451032366,334.24111271517904,558.9926427965711,293.20133817912523,-0.36526804864991824
0.15,453.69051149605946,231.73281545068693,418.10820539883105,204.76786242730503,-0.3547100581614737,453.1923904522421,230.92577678776453,417.7855663489821,203.74989665711607,-0.3532917711593919
0.1625,363.9026630030701,192.81186481590365,340.30992979891556,178.19342769236044,-0.2911061229436873,363.70505308276825,191.9596069673302,339.860149106169,177.08922100775726,-0.2944909129004136
0.175,298.56454938437173,167.13036192883632,280.0663842864317,155.1663241723579,-0.27777255088288655,298.40071550766896,166.59588522176932,279.6544477094657,154.66086772347558,-0.28178129284916587
0.1875,222.395650439124,122.33339763705942,201.03455012476022,112.65368426924431,-0.43855586772523214,222.27759502521414,121.97982968121447,200.97550291582212,112.24619344441655,-0.4375256510197989
0.2,173.8577469015675,85.34035345536202,155.8795603649626,77.6272590429781,-0.474048748513769,173.86049195083882,85.00970191833217,156.04428567027443,77.41789572159787,-0.46953034693641094
0.2125,139.70943350852235,64.64501852431395,126.23443739594057,60.54654522379634,-0.4404788286952499,139.73377951492478,64.25999153341382,126.25475739944673,60.16407832940721,-0.4405365426481378
0.225,123.07048594724998,60.67252699518374,108.21254024726636,54.81900960602357,-0.5587632336819093,123.23496463502849,60.49309912432855,108.23158180776645,54.37325482896924,-0.5637993906536343
0.2375,104.17208508661543,53.61606426378168,89.42561284435439,45.57514985468899,-0.6628943188600855,104.22574665572155,53.469147058548096,89.50644698580147,45.23604244599268,-0.661206971348729
0.25,92.06120191203644,48.61565038778096,79.34461441871741,39.53820704558175,-0.6455918655776838,92.2072698620789,48.26106869228936,79.48321177078085,39.42135519897464,-0.6448975547199964
0.2625,76.86043933324888,40.07919676237882,65.8325205623889,32.92728269296268,-0.6726237908865262,76.94235254688434,39.65627601825125,65.94199801081837,32.717781193597986,-0.6700335899227317
0.275,67.54614713377782,35.92798220088554,57.36599856786413,30.43444299402387,-0.7094602394241445,67.79702224522164,35.67423271147209,57.47330633022637,30.329579159219197,-0.7174443736936698
0.2875,56.441561622070786,29.614098453372026,47.53933835717433,24.668264423792095,-0.7454588825823638,56.645320235726054,29.410099402719172,47.71939339727274,24.6180143689441,-0.7446912200464983
0.3,47.736165771981206,25.7856238007113,39.34520930286278,19.974862142958237,-0.8395567303280682,47.93715506213369,25.633082827638077,39.64563447121384,19.99075360010608,-0.8247688376447071
0.3125,40.622487145623886,22.13085215360497,33.51912703571726,17.551914646034763,-0.8347381045979319,40.95661876449507,22.134923807474408,33.880583775016206,17.600229904424047,-0.8237321081077864
0.325,33.82899124086468,18.886533093675244,28.05886574067455,15.265268644273855,-0.8121893656044121,34.12214437643143,18.770892747618163,28.366565540866763,15.231613113191823,-0.8022955906233009
0.3375,30.593509904621747,17.765087568774565,24.701343137281707,13.555121611064646,-0.9290873646004716,30.906698817623298,17.669474225976202,24.992038924056217,13.493375300094108,-0.9225093138815033
0.35,27.34883218476946,16.234491746667498,21.63171651082019,11.936395903128611,-1.0184780357137568,27.605419798492353,16.15727178317132,21.913642857876695,11.88214417747262,-1.002797764802934
0.3625,23.062904385448775,13.756095539071373,18.25752496424472,10.234779458498625,-1.0147209530675672,23.24099695091019,13.619612753290435,18.501538678358408,10.166866295474389,-0.9904690570536445
0.375,21.002821762247923,12.735980306664636,16.546912773725833,9.711715507823376,-1.0356066920361906,21.180350362313966,12.627307379616996,16.78818321512069,9.66023908166704,-1.009294396463296
0.3875,17.860956989570433,11.01397697764221,13.870524671693692,8.281751288850137,-1.0981183542130357,18.053803900640403,10.91865505833701,14.145911096325962,8.222254983035866,-1.0593779648381574
0.4,16.279221685966057,10.140472861840207,12.569357750547853,7.570052915298848,-1.1232054988270268,16.44874183768838,10.023940433527544,12.844182603887976,7.490963776347665,-1.0742621310865696
0.4125,13.805122523491239,8.588664869364457,10.729114511743587,6.5225015923442395,-1.0947638482397837,13.953216662151695,8.476659681616889,10.944473883441427,6.443152986009011,-1.0547944856993974
0.425,11.955798154933417,7.56360914377435,9.263759774274972,5.669313337125079,-1.107912897965888,12.042086878385629,7.419426408250662,9.407045021766177,5.549788828687296,-1.072485334789115
0.4375,10.89047358168263,6.962379611081286,8.342761654896144,5.1311719790054084,-1.1573692935343305,10.967600061920802,6.81418335647426,8.482655615278748,5.034555955148764,-1.1157976965428984
0.45,9.128051218142222,5.7914639698389205,7.007270751573982,4.3553499763826125,-1.148291697541558,9.16297743892051,5.666497694562717,7.109720586484658,4.252397905247339,-1.1018408390914136
0.4625,8.375971136994657,5.439992902487437,6.3838205261638405,4.00172089537609,-1.1795450314336553,8.410180066649893,5.324219423311542,6.473313610568857,3.89444636620379,-1.1367864657577298
0.475,7.059530626805604,4.720922204958189,5.346699510430972,3.4173968461525113,-1.2069004947153306,7.066577955978371,4.574277807485459,5.379249143623874,3.276308220253006,-1.184874947147495
0.4875,6.431347349429224,4.3396041115992166,4.855466559088077,3.1498300272381226,-1.2207099836105995,6.418108644580174,4.177433170131671,4.884099700181709,3.013243704691344,-1.1862254355711588
0.5,5.869343319751878,3.987780556828729,4.378199032552285,2.844225573310001,-1.2729401283583508,5.833713047149896,3.8384389536184558,4.415059558348995,2.724673356761678,-1.2100849617772957
0.5125,4.997906670823066,3.401063089647106,3.7356842028310173,2.474857502589074,-1.2641798581064356,4.951474057333941,3.260192701166329,3.74794130618321,2.3446202509722895,-1.2094172658038227
0.525,4.491937567308931,3.0431929640325004,3.357141790416799,2.277491155832683,-1.2646402685681113,4.412811049394595,2.8684216536921183,3.3470703203474654,2.1277682463346546,-1.20050494856063
0.5375,3.90583671262959,2.665607729574059,2.8929488798249743,1.9957696573381374,-1.3037332336445628,3.8127113469566143,2.4707156712425484,2.8915476652970975,1.8488188392611042,-1.2010357079251182
0.55,3.5846381919404746,2.4970708538637734,2.6289850259075336,1.8676516282361328,-1.3465721468583065,3.480590806652922,2.2773632512571447,2.620555406186576,1.7175536707352062,-1.2325962194537672
0.5625,3.2016462907119614,2.276284779393126,2.346928416156578,1.6531810916878222,-1.348735066994851,3.0949498215733153,2.042350834412149,2.3380701345801853,1.5008825250703364,-1.2179607728366793
0.575,2.779648908923045,1.9978405556354029,2.0441522224013093,1.437908513875525,-1.3347671069612295,2.6629620615558207,1.742183693825512,2.023569488529597,1.2772220932487464,-1.1924685622636995
0.5875,2.54535062797308,1.8672471300019755,1.8602749220379156,1.3170454070331323,-1.3617048376448264,2.425596813624205,1.6066096080593422,1.8349111913746319,1.1431341153134913,-1.2120356336812659
0.6,2.18950796251777,1.620167407691801,1.6121753370173577,1.168051934034502,-1.3293425515535513,2.0899198621562536,1.374238388472216,1.583223960486941,0.9838698403241368,-1.205872789170224
0.6125,2.0133729491879047,1.4995261418343613,1.4807140760137087,1.0820438083323467,-1.334530236346336,1.914475158663001,1.2502835355937498,1.453366353939533,0.8965547802806363,-1.1967463292955518
0.625,1.760547461907456,1.3071545076319122,1.2953662421660703,0.956560070663331,-1.3325516169904432,1.6708155933632167,1.0774042864692996,1.2722676198680705,0.7831368248691627,-1.1835004476383464
0.6375,1.5719689255973597,1.1843520117774793,1.151816185157429,0.8666101097246551,-1.3506077884311283,1.486885097329228,0.9588791500961975,1.1330534817494013,0.6809392467180743,-1.180269980720337
0.65,1.4458284768953806,1.0900961114460839,1.0556710632347153,0.8008566662821583,-1.365881558380968,1.3688282234355553,0.8728524661155351,1.052456350133446,0.6273267578857503,-1.1414485742055596
0.6625,1.2360486632640213,0.9407954829928397,0.9089479120114792,0.6976093038379029,-1.3349657166689008,1.1771003006054135,0.7342388455186453,0.9139418851989657,0.5422471600051645,-1.098948884107525
0.675,1.1535770940481749,0.8866215262006899,0.8452775283546013,0.6660831530094704,-1.3504729909898094,1.105444673680722,0.6860251162519118,0.8585170066465351,0.5065261643942617,-1.0978810769127132
0.6875,0.9878049681594833,0.7762293598882091,0.7271134034612303,0.5877798396351551,-1.3306905412217511,0.9498520650581764,0.5737082949147969,0.7458121312963845,0.4229531183932367,-1.05026526736518
0.7,0.9161612581321538,0.735720462276729,0.6732551472638157,0.5494486759587021,-1.3379223860824445,0.902227191665012,0.5351570019729616,0.7143762485958421,0.3891652851050032,-1.0138890381943353
0.7125,0.825755481007582,0.6713637390259465,0.607385038126734,0.5034628446209067,-1.333873735156656,0.8177903120905264,0.4777666927710771,0.649697626330858,0.3489899442881979,-0.999306799541751
0.725,0.7292013030966197,0.5997810692601553,0.5365003764613869,0.45452128818017545,-1.3327740289118402,0.7253593785407733,0.4269044788147488,0.5792116372771635,0.3213065401467182,-0.9771595018573562
0.7375,0.6664291187921401,0.5514010431417296,0.48922505554780865,0.4201282856866458,-1.3424527118547518,0.6795406719927144,0.3959631982250604,0.5438560763790412,0.30255496377632246,-0.9673146855644141
0.75,0.5866786427962022,0.4916594105668328,0.4334176749688202,0.3795599132240008,-1.314936579415455,0.5964943472484243,0.34715194632575674,0.47689734282791596,0.27904104474569275,-0.9718142791250663
0.7625,0.5473745450028733,0.4622295903018018,0.40598587228454713,0.35943956331239646,-1.29773673409805,0.58882926636074,0.3217538040805931,0.47663243466995897,0.2631616309052948,-0.9180579310271684
0.775,0.486456361475613,0.4150853104194168,0.36381176584821984,0.32730087525443646,-1.261671438537988,0.5366367087817429,0.28942455294440816,0.4380308709466239,0.2310647885301553,-0.8817565636263691
0.7875,0.44227727032013314,0.38310806022551797,0.33038294626780945,0.29997747431324523,-1.2667699541091708,0.5158504180768293,0.2632247507255108,0.4277320049636682,0.21175856066402002,-0.813520376499598
0.8,0.41073449841946935,0.3588308314205796,0.3073022517604026,0.27976327082118363,-1.2599543553147985,0.5075241556119175,0.24979722002751192,0.42251603013328703,0.19568918559062182,-0.796135249986018
0.8125,0.36312793778739477,0.32273539864998646,0.27349332416221755,0.25132235752300974,-1.231129294860676,0.46302989136030137,0.2256461012926778,0.38261403704997027,0.17244010852406425,-0.8284812722267998
0.825,0.34056161368548316,0.3016271449921901,0.25714408497103575,0.23691795082165734,-1.2201915206636815,0.45560201450403515,0.21495931894894957,0.3795727664470556,0.16783519851865428,-0.7929058864062322
0.8375,0.30495520671288945,0.2720442072394849,0.23190354064585497,0.21457358296663942,-1.1892866889416975,0.43266049765752185,0.19467706454013847,0.3638824887560518,0.15780868266841136,-0.7518608720033121
0.85,0.27865180469336154,0.2513565616599804,0.21335992046409888,0.19977973135104224,-1.1594901456140883,0.4118667343638526,0.18334753990549438,0.3442629120054067,0.14716636393320934,-0.7786647623767157
0.8625,0.2641875325103205,0.23903522920902873,0.2019430535024864,0.19323109737611682,-1.16683394777933,0.4053490417358723,0.18040007987743426,0.3402258822585278,0.1474649179190335,-0.7606179966830323
0.875,0.2388006264224307,0.21825530165024545,0.1832594986777539,0.1757991439354696,-1.1496896200899342,0.3796153905144518,0.1726896557124006,0.32030060649992914,0.14711738331664098,-0.7378604831324109
0.8875,0.22764679302120294,0.20878100338566685,0.17548065421785933,0.16802667396793478,-1.1303228603366544,0.3800452275272163,0.16530296457534316,0.3211406580980426,0.13990918129618365,-0.7313998807571637
0.9,0.2068376703648953,0.19260014387086122,0.15972185144460008,0.14953696481127396,-1.122652956737863,0.3614345335455403,0.15048284637415885,0.307441335981218,0.12768003398857358,-0.7026738442365021
0.9125,0.19671639146737568,0.18243100864241749,0.15273732870830978,0.14367451488279834,-1.0989535205951795,0.3613563993900476,0.14565061075885935,0.3096943043551053,0.12261526028307179,-0.6700252995339362
0.925,0.18468203182032952,0.17116022371334477,0.14457048007592574,0.13556398310464157,-1.0634501418075593,0.3472174125678825,0.140640213880816,0.2959796653188283,0.11736586853663207,-0.6933961950718154
0.9375,0.17488836610843617,0.16223116756111763,0.13761932798886345,0.13199382809872023,-1.0408148085205948,0.3388460997208221,0.13609579249113637,0.2897156679541516,0.11383942071072822,-0.6803050621545048
0.95,0.1669836046574323,0.1558210686420248,0.13161120015005898,0.12840008446024836,-1.0338097546501657,0.33605060885070115,0.1308558449670614,0.2903036534606871,0.10911865183218263,-0.6355218310226862
0.9625,0.1563388728959034,0.14612814826139897,0.12385594729515255,0.11913492488592445,-1.0115010405341895,0.3128641551169347,0.12175906767133331,0.27096868012002656,0.1012340919344402,-0.6243671077667956
0.975,0.15579196758513228,0.14602389701524457,0.12307337713090599,0.11658411536555449,-1.0238093709741092,0.307419863025872,0.12327843465059457,0.2644049095331118,0.10164671860572277,-0.6546240745492737
0.9875,0.1480807896167044,0.13904185292194576,0.11690867764862509,0.10997009312678356,-1.0265196549048106,0.2963912141308346,0.12056635094570933,0.25338445144949706,0.09923685120681784,-0.6808536175484692
